,0
1,누군가 말해 주었으면 싶다. 
2,모두들 죽을 만큼 걱정할 것이다. 
3,아무에게도 털어놓을 수가 없다. 
4,내가 병이 든 것일 수도 있다. 
6,내가 옳다는 근거는 어디에도 없다. 내겐 경험도 없다. 자신이 없다. 
7,순순히 인정하면 돼. 모든 일이 편해질 거야. 신경 쓸 일도 확 줄겠지. 
8,나는 아이들을 무시하고 아이들은 나를 무시하고...
9,끊임없는 순환. 그 끝엔 아무것도 남지 않을 거라는 걸 알면서도 나는 그 배에 올라탄다. 
10,"치열한 입시 세계로 입문, 지독한 합리화, 혹은 완벽한 도피. "
11,아끼던 것들을 아무렇게나 굴린다. 애정 없는 조련사처럼. 그저 다룬다. 
12,나 한 사람의 안락을 쫓아서. 똑바로 말할 자신이 없어 돌려 말한다. 
13,거칠어졌다. 슬프다. 
14,그러나 미신처럼 뜨겁게 달아오른 불안을 잠재우려면 무언가에 열중하는 수밖에 도리가 없다. 
15,부족하기 짝이 없는 나에게서 관심을 돌리려면 열중할 만한 것이 필요했다. 
16,어쩔 수 없잖아. 이게 최선이야. 
17,"나는 이것들이 모든 것이라고 철썩같이 믿고 만다. 나는 알고 싶지도 않다고, 알 능력도 없다고 믿어 버린다. "
18,"죽을 것만 같았다. 나는 생각에 쫓겨 하루, 또 하루, 나는 달린다. "
19,선생님은 과도하게 의욕을 앞세우다가도 순식간에 무기력한 나락으로 떨어지기를 반복하는 듯했다. 나를 무의식적으로 피하는 것 같다. 
20,아래를 내려다본다. 균형을 잃고 팔을 허공에서 휘젓다가 간신히 균형을 잡는다. 실수할까 두렵다. 
21,춥고 두렵다. 삐긋하면 끝도 보이지 않는 아래로 떨어질 것이다. 
22,내 잘못이 아니었어. 
23,그런데도 나는 잘못되었어. 이게 말이 된다고 생각해. 
24,울음이 나왔다. 울음과 함께 날 아프게 하는 병균이 빠져나갔으면. 
25,"엄마, 실망시켜서 죄송해요. 정말 죄송해요... 하지만 이건 제 탓이 아니잖아요. "
26,되고 싶은 건 없지만 공부는 계속 하고 싶어요. 그리고 무엇보다도... 엄마를 슬프게 만들고 싶지 않아요. 슬퍼하는 모습 보는 것도 지겨워요. 
27,"무서워요. 나라는 아이, 진절머리가 나요. "
28,아이는 나에게서 아무것도 기대하지 않았다. 오히려 나를 보호하려고 안간힘을 쓰고 있었다. 나는 다 알면서도 받기만 했다. 
29,이게 다 무슨 소용일까?
30,내가 할 수 있을까? 엄마는? 엄마는 그런 나를 견뎌 줄까?
31,만약 지운다면 나는 이전과 똑같아질 수 있을가? 
32,똑같이 평범하게? 평범해지면 그 다음엔 무얼 하지? 공부?
33,천장이 나를 바라본다. 
34,벽이 나를 바라본다. 
35,문이 나를 바라본다.
36,혐오스러워. 역겨워. 구역질 나. 지독해. 더러워. 잔인해. 끔찍해. 소름 끼쳐. 
37,나는 고름. 구더기. 
38,먹은 것을 토한다. 식욕을 바짝 말려야지. 
39,울고 싶어? 울 수 없어? 자고 싶어? 잘 수 없어! 끊임없이 악몽을 상상해!
40,정신 차려! 계속 생각해. 
41,괴롭다고? 닥쳐.
42,고통스럽다고? 죽을 것 같아? 견뎌!
43,기대려 하지마. 
44,불쌍한 척 하지도 마. 
45,숨도 쉬지 마. 희망을 갖지도 마. 잊지 마. 더 이상 죄를 짓지 마. 
46,"화연이와 거리를 유지해야 해. 너무 멀지도 너무 가깝지도 않게. 화연이 입에서 나오는 새까만 이야기들을 내가 막을 수 있을 만큼만. 어떤 아이인 줄 아는데, 싫다는 이유로 그냥 멀어져 줄 수는 없잖아. 받은 만큼 돌려줘야 해. 잔인하더라도 그래야 해. "
47,조잡한 말이 뭉쳐 사람을 죽일 수도 있어. 당신은 혹시 예비 살인자는 아닙니까?
48,관상용이자 화풀이용 친구 관계도 이제 수명을 다했다고 생각했어. 
49,이런 아이 하나쯤 왕따로 만드는 건 식은 죽 먹기지. 
50,티 나지 않게 교묘하게. 그리고 싹 빠지기. 
51,하찮은 벌레 따위를 보는 듯한 눈길. 그때라도 멈춰야 했다. 
52,잔인했다. 어떻게 죽었든 농담거리로 삼으면 안됐다. 
53,그렇게 떠드는 딸을 아무렇지 않게 바라보던 부모 역시 다를 바 없었다. 
54,아이들의 웃음이 비참하게 느껴졌다. 
55,친했다고? 맨날 너 하라는 대로 다 하던데?
56,"거절 못하는 거 뻔히 알고 부탁하면, 그게 부탁이냐? 명령이고 강요지?"
57,누군가 진실을 알고 있다는 게 겁이 났습니다. 잘못을 뒤엎을 만한 능력이 없는 아이가. 
58,설사 능력이 있다 해도 나서고 싶어 하지 않는 아이가.
59,텅 빈 집. 그 동안 엄마와 언니에게 내가 떠나도 되는지 묻고 싶었지만 참았습니다. 
60,나는 더 이상 착한 아이가 아닙니다. 때문에 모두 용서하고 떠날 생각은 없습니다. 
61,나는 이제 나쁜 아이가 되어서 갑니다. 
62,용서를 해야 마음이 편하다는 거 알고 있습니다. 그런데 나는 지금보다 편하고 싶어 떠나는 게 아닙니다. 내 몸이 더 이상 이 곳을 원하지 않아서 떠납니다. 분명히 말하고 가겠습니다. 
63,용서하지 않고 떠난다고...하지만 원한다면 그렇게 하겠습니다. 
64,다른 세상에서 누군가와 이야기하면서 이름을 댈 수 있는 유일한 사람들이니까요. 
65,그래도 나와 오랫동안 만나면서 함께 웃기도 한 사람들이니까요. 
66,"미운 마음만은 버리고 가고 싶습니다. 이기적이지만 그렇게 하고 싶습니다. 온전하게 용서하지 못하고 가서, 미안합니다. 이제 가야겠습니다. "
67,"내 몸이 너무 무거워서, 그만 가야겠습니다. "
68,"지금 아이들에게 필요한 사람은 내가 아니라, 화연이엇습니다. "
69,이 아이들 그만 보고 싶었습니다. 아이들마저 검은 구름이 되어 나를 우울하게 만들었습니다. 
70,항상 부러웠던 우리 언니. 
71,"내가 멀리 떠나도 잊으면 안돼. 사랑해, 언니 "
72,나도 다 너희들을 위해서란다. 라고 하면서 아주 우아하게 폭력을 행사했죠. 너 꼭 쟤 이겨야 돼. 결국 그거였거든요. 
73,알아도 가슴에 담아 둘 수는 없었을까?
74,가끔은 네 입에서 나온 소리가 내 가슴에 너무 깊이 꽂혔어. 
75,"순수한 양보와 친절함을 이요해, 은근히 강요된 양보와 친절을 요구했을 테지. "
76,진심으로 베푼 친절을 제 욕심만 채우기 위해 이용한 것들 
77,진저리가 나. 싫다고 안 할 거야. 전에도 한 번 했잖아. 
78,그런 걸로 피곤하게 따지는 애 아니잖아. 더 이상 미안함도 없이 
79,당연하게 들었다 놨다 했겠지. 니들이 천지를 가지고 놀았어. 
80,"가만히 놔두면 되는데, 꼭 가지고 놀려는 것들이 생겨서 문제지. "
81,"자기 맘에 들면 착한 거고, 안 들면 멍청한 건가?"
82,맞아요....
83,선생님이 신경 쓰실 바 아니에요......
84,그냥 아무나 패고 싶었어요!!
85,"안패면 죽을 것 같았어요! 며, 몇 대 때리고 나면"
86,"말 하려 그랬어요! 그만, 그만 좀....."
87,없는 사람들이야.
88,없잖아.... 없잖아....
89,잔뜩 겁을 먹었지만 아무 일도 일어나지 않는다. 한 칸 더 내려가 본다. 이상 없다. 잠시 그 상태로 있다가 전처럼 빠르게 뛰기 시작한다. 그렇게 세 번 쯤 내려가자 몸이 불편해 보인다. 부들부들 떨며 가려고 애를 쓰지만 그러지 못한다.
90,누가 낳아달라고 그랬어? 낳아 달라 그랬냐고?
91,"너한테는 쓰레기통에 처박고 싶은 30분이겠지만, "
92,"그걸 잘 알고 있다. 자신을 속일 수는 없는 일이다. 그걸 말이라고 해. 진실이라고. 알고 있는데, 가만히 있으란 말이야. "
93,"자꾸 생각이 나느데, 머릿속이 그런 생각으로 꽉 차는데 어떻게 참고만 있으란 말이야. "
94,너 잘 났다. 그래서 네 멋대로 판단하고 행동해서 집안을 온통 뒤집어 놓았구나. 엄마를 엄청난 고통과 절망에 빠뜨리고 아빠 얼굴에서 웃음을 싹 지워 버리고 
95,"더러우면 때려치우고, 누구처럼 대학 안간다고 선언해서 집안 완전히 뒤집어 놓고, 그럼 되는 거야"
96,"그렇게 멋대로 하면 되는 거냐고. 다 그렇게 사는 거 아냐? 나중에 제대로 살기 위해서, 미를 위해서, 지금 힘들게 공부하고 참고 고생하는 거 아니야?"
97,누군 지금 이렇게 살고 싶어서 그러냐고. 
98,"지금까지 행복하게 사는 법을 배우지 못한 아이들이, 계속 어른이 될 때까지 오직 나중을 위해서만 살고 행복하게 사는 법은 배우지 못한 사람들이, 정말 나중에는 행복하게 살 수 있을까? 그 나중이 되어서도 또 그 다음 나중을 위해서 무언가를 계속 허겁지겁 채우려는 거 아니야?"
99,"많이 가지면 가질수록 온갖 추태를 부리며 더 끌어 모으려는, 우리 사회의 기름기 번지르르한 꼰대들 꼴이 그거 아니라고. 그러니까 나중을 위해서 오늘을 유보하면, 그 나중에 또 그 나중이 되고 영원히 진짜 사는 삶은 없는 것 아니야. 그렇게 오늘은 없이, 그냥 텅빈 채로 살다가 죽음으로 끝나느 것 아냐?"
100,다음날 시험을 보는데 가슴이 답답해 미치겠더라고 
101,교복이 질긴 가죽옷처럼 온몸을 조여오는 것 같았어. 정말 숨이 막힐 것 같았어. 
102,이 악물고 참았지. 어떻게든 참고 견디려고 했어. 
103,"나도 잘 알고 있지. 나중에 잘 살기 위해서, 그래서 엄마 아빠 기쁘게 하고, 성공한 인생이 되기 위해서 어떻게 해야 하는지 말이야. 더 이상 교실에 앉아 있다가는 내가 미쳐 버릴 것 같았어. 정말 돌아 버릴 것 같았어. 어쩔 수 없게 된거야. 그래서 교실을 뛰쳐 나온 거야. "
104,"더 이상 수백 명 중 하나, 아무것도 아닌 그림자로 취급되는 것은 참지 않겠다고. "
105,죽으면 편안해질 것인가. 
106,죽으면 세상 사람들 눈으로부터 벗어나 편안할 수 있어서 죽어 버린 것일까. 
107,"나는 정직하지 못하니까 더러운 사람이 될 것이고, 더러운 나를 친구들은, 선생님은, 학교는 결코 받아주지 않으려 할 것이다. 내가 더러운 쓰레기를 바라보듯이, 세상은 나를 또 그렇게 보게 될 것이다. 내 말을 믿는 사람은 아무도 없다. "
108,"어차피 내가 그 돈을 써버렸든, 잃어버렸든, 중요한 것은 애초에 내 돈이 아니었던 그 돈을 나는 다시 내어놓아야 한다는 것이다. "
109,"죽음을 향한 생각은 죽음 이외의 것들을 너무나 쉽게 받아들이고, 용서하고, 이해하게 했다. "
110,나는 왜 나 자신에게 모멸감을 느껴야 하는지 분하고 억울하고 속상했다. 
111,분하고 억울하고 속상한 만큼 또한 나는 착하고 친절하고 명랑할 수가 있었다. 
112,"화를 내도 모자랄 텐데도, 안개는 쉽게 걷히지 않는다. "
113,학교도 집도 다 지겨워. 참견은 그만둬. 살기 싫으니까 죽으려는 거야. 
114,아주 오래전부터 가슴 속에서 그 말이 나오기만 기다리고 있었던 것 같은. 
115,신이 있다면 불행을 막아줘야 하는 거 아니야. 내가 슬퍼할 때 신은 어디에 있었지. 죽을 운명인 사람은 죽을 뿐이야. 설사 그게 자살이라고 해도 마찬가지야. 자살하는 사람들은 그렇게 죽을 운명을 타고난 거야. 
116,"뭐가 부족해서 그딴 일을 벌리는 거야. 죽을 만큼 괴로운게 뭔지나 알아? 알고 힘든 척을 하는 거야? 아무것도 부러울 게 없으면서, 아무것도 아쉬울게 없으면서, 목숨을 가지고 장난을 치겠다고? "
117,죽으려면 그냥 곱게 죽어. 그렇게 용쓰지 않아도 되니까 그냥 가서 죽어 버리라고. 
118,"한 때는 가졌던 것, 하지만 더 이상 가질 수 없는 것. 지독하게 그리운 것. 되찾아올 수 없는데도 자꾸만 갈증을 느끼게 하는 사랑, 어쩌면 그 시절의 기억을 박제라도 해서 간직하고 싶었던 건지 모른다. 가족을 떠나는 아빠, 과중한 책임감. 늘 아무렇지 않은 척, 강한 척 가면을 쓰고 살아가는 모습, 하지만 아무것도 눈에 들어오지 않았다. "
119,더 이상 언니를 위해 케이클ㄹ 만들 수도 살수도 없어. 마지막 생일이었어. 때론 추억도 상처가 되거든. 
120,아프다고 해서 늘 상처를 버리고 싶은 건 아니야. 상처로 남은 흔적이라도 붙잡고 싶은 날이 있어. 바로 오른이 그런 날인거지. 
121,"모르겠어, 정말 모르겠어. 아니야. 난 안전한 길로 가고 있는거야. "
122,"그 끝은 몰라. 그냥 모두가 가는 길로, 엄마가 정해준 길로 가면 되는 거야. "
123,"하지만, 그 길은 엄마가 원하는 길이지 내가 원하는 길은 아니잖아. "
124,"이젠 아무도 기억하지 않는다. 죽는다는 건 영원히 사라지는 것, 아무도 기억해 주지 않는 것이다. 다시는 볼 수 없는 언니를 향한 그리움이 엄마에 대한 격렬한 분노가 된다. "
125,엄마가 언니를 죽인거야. 
126,비겁한 자신이 미워서 견딜 수가 없다. 
127,"분노를 삼키면 독이 되는 걸까. 숨을 쉴때마다 가슴이 아팠다. 슬펐다. 슬픔이 너무 커서 온몸을 다 감싸고, 침대를 뒤덮고, 방바닥으로 흘러내리는 것 같았다. 언니가 너무 보고 싶었다. "
128,그냥 하는 말 아니에요. 오랫동안 생각해 온 거에요. 
129,엄마는 그런 거 모르죠. 한번도 엄마 손으로 우리한테 뭘 만들어 먹인 적이 없으니까요. 
130,지금이라면 알 수 있을 것도 같아. 인생이 아무것도 선택할 수 없도록 꽉 짜여 있다는 사실을 받아들인 후의 숨막힘을. 
131,"어느 순간, 지금까지 걸어온 길이 완전히 잘못된 것임을 깨달았을 때, 철렁하고 바닥까지 내려 앉는 마음. 들어보세요. 난 지금 너무 힘들어요. "
132,"잠깐만, 잠깐만 쉬게 해 줘요. 조금만 이해해줘요. "
133,용기 내어 말할 수 없다면 지친 목소리라도 전하고 싶었어. 그러나 너무 잘 알고 있어. 
134,이해 받을 수 없다는 것을. 
135,도망칠 곳이 없는 것 같아. 어떻게 하면 좋을까. 어떻게 할 수 있을까. 계속 이렇게 살아야 하는 걸까. 원하는 걸 가지려면 우선 원하는 게 뭔지를 알아야 한다. 
136,"나는 아직도 자기가 뭘 원하는지 모른다. 하지만 원하지 않는게 무엇인지는 분명히 알 것 같다. 지금처럼 계속 살아가는 것, 그게 미치도록 싫다는 건 확실하니까. "
137,"컴퓨터를 새로 켜듯이, 인생을 새로 시작할 수는 없어?"
138,그럴 줄 알았어. 우리 가족 중에 날 진심으로 믿고 지지해 주는 사람은 아무도 없지. 
139,그래도 넌 날 이해해 줄 줄 알았는데. 결국 난 혼자구나. 
140,지금이라면 다르게 대처할 수 있었을까?
141,아니 그때 내가 다르게 대처했더라면 모든 걸 다 바꿀 수 있었을까?
142,"나는 세상을 더 살 자신이 없어. 사는 게 시간이 갈수록 더 힘들어. 먹는 것도, 걷는 것도,  잠에서 깨어나는 것도, 누구랑 이야기하는 것도. 모든 게 너무 힘들어. 믿어지지 않겠지만 다들 그냥 잘 사는 것 같은데, 다들 아무렇지도 않은 것 같은데, 왜 나만 이럴까?"
143,남들 보기에는 내가 어떨까? 공부 잘하고 엄마 말 잘 듣는 그런 딸이겠지? 근데 너 아니?
144,그건 진짜 내가 아니야. 내가 아닌 내 가면이 웃고 공부하고 학교를 다니는 거야. 
145,"오래전부터 뭔가 잘못되었다고 느꼈는데, 나는 늘 용기가 없었지. 이제야 가면안의 진짜 나를 알게 됐는데, "
146,"아무도 진짜 나에게는 관심이 없어. 나는 엄마를 이길 자신이 없어. 처음부터 내 진짜 모습 따위에는 관심이 었었던 거야. 나를 믿지도, 사랑하지도 않아. 그렇다고 원하는 대로 사는 것도 싫어. "
147,어디에도 길이 없어. 나는 사는 데 필요한 기술이 없나 봐. 사는 동안 나는 아무것도 선택하지 못했어. 엄마가 원하는 대로 살았지. 남들이 바라는 대로 살았어. 
148,"사는 동안 그랬으니 이제 됐어. 죽는 건 내 맘대로, 내가 선택을 할래. "
149,고마워. 그래도 네가 있어 행복했어. 그래서 또 미안해. 
150,내 껍데기만 남고 알맹이는 어디론가 증발해 버린 것만 같아. 
151,알맹이가 사라진체 살아가는 거지. 
152,가끔 그런 생각 한다 내가 자살을 하는 거야 오빠 새끼가 괴롭혀서 힘들다고 유서 남기고 근데 그러면 내가 김대훈 새끼가 죄책감 느끼는 걸 못 보잖아
153,그래서 죽고 나서 하루만 유령으로 있는 거야. 그 새끼 막 울고 아빠한테 혼나 그럼 난 그걸 천장에서 다 내려다보는 상상을 한다
154,"엄마, 아빠 다 울고 그러면 난 막 상상만 해도 후련해"
155,다들 우리한테 미안해하긴 할까?
156,어떻게 사는 것이 맞을까? 어느 날 알 것 같다가도 정말 모르겠어 다만 나쁜 일들이 닥치면서도...학원을 그만둬서 미안해
157,눈치도 없어
158,왜 나한테 그래?
159,"그러니까, 눈치가 없는 거지, 그냥"
160,어제 쟤 아빠 술 마시고 또 난리 쳐서 경찰까지 불렀대
161,괴물같이 생겼다던데?
162,"이게 미쳤나, 씨 야, 아이, 씨 벌써부터 도둑질을 해, 네가?"
163,너 좀 맞자 
164,'이 눈물은 언제쯤 멈출까?'
165,'힘들지?'
166,'네가 우니까 나도 슬퍼'
167,따라 울고 있는 여우를 빤히 보다가
168,A가 말했어
169,'죽고 싶어'
170,'나도 죽고 싶어'
171,그렇게 여우와 A는 같이 죽기로 했어
172,너도 혼자구나
173,너도 이제 얼마 안 남았지? 
174,나도 그래
175,마지막으로 인사하려고 왔어
176,"그동안 고마웠어, 잘 지내"
177,네가 어떻게 알아?
178,나도 죽을 거니까
179,내가 빨리 죽었으면 좋겠어?
180,어차피 죽을 거니까
181,그냥 죽으면 다 끝날 건데 
182,왜 그래야 해? 
183,그럼 이제 하고 싶은 거 정해볼까?
184,유서를 써놔
185,네가 죽으면 슬퍼할 사람에게
186,그런 사람 없어
187,갑자기 백합이랑 사귀게 돼서 
188,너한텐 먼저 말하려고 했는데…
189,그럴 거면 나한테 왜 잘 해줬어?
190,굳이 안 나가고
191,왜 나랑 같이 영화 본 거야? 
192,난 다 봤던 거란 말이야 
193,백합이를 좋아했으면
194,좋아한다고 진작 표현을 하든가
195,"왜 사람 헷갈리게 하냐고, 너 "
196,그게 얼마나 나쁜 건지 모르지?
197,넌 날 친구라고 생각하긴 했니?
198,넌 날 친구라고 생각한 적 없어 
199,친구면…내가 쓴 소설이란 거 알면서도 
200,아무 말도 안 하진 않아 
201,내가 죽으면…넌 슬퍼할까? 
202,네가 사라지면
203,난 정말 슬플 거야
204,아빠가 죽었으면 좋겠다
205,아무도 나한테 신경 안 써 
206,내가 사라져도 아무도 모를걸
207,차라리 잘됐지
208,난 유서 쓸 필요도 없다
209,내가 죽어도 슬퍼할 사람이 없잖아
210,내가 정말 미안했어
211,나 너 용서 안 해
212,절대 용서 안 할 건데
213,"그래도, 뭐, 그냥…"
214,잊으려고
215,잊을 거니까
216,너도 잊고 
217,잘 살아 
218,"아, 다신 보진 말자, 진짜로. 고등학교 때 가장 친했던 친구"
219,그리고…내가 괴롭혔던 친구 
220,더 이상 왕따당하고 싶지 않았거든
221,이제 다 끝났다 
222,내 버킷 리스트는
223,먼저 갈게 
224,잘 지내
225,"아, 됐고, 누가 그랬냐고 이거!"
226,"아, 누가 그랬냐니까, 진짜!"
227,이제 어떡하려고?
228,준비는 다 끝났어
229,방법도 결정했고 그동안 고마웠어
230,잘 지내
231,그렇게 여우가 떠나가자 
232,A는 또다시 혼자가 되었어
233,이름이 생겼지만
234,그걸 불러줄 친구가 없자
235,다시 슬퍼졌어
236,'슬프지만'
237,'이젠 절대 울지 않을 거야'
5,"모든게 다 꾸며낸 것 같으면 어떻게 살아야하나요? 내가 힘들다는것도, 사실 모르겠어요. 그냥 감정을 느끼는게 맞나? 싶을 정도로요. 힘들다는 것도 지어낸 것 같은데.."
11,요즘따라 힘들어요
13,어떡해야되는지도몰르겠고 우울한날이많고무기력할때도있고 감정기복이있고 모든게 귀찮아졌어요
14,좋아하는것도가끔 귀찮아지고
15,혼자있는게더좋고 인생에희망이없다느껴져요
16,죽고싶다는생각도했고
20,혼자 몇 십 년을 어떻게 살아왔는지 모르겠다
21,엄마 비위 맞춰주며 산 것의 대가는 더 심한 학대였다
22,나 자신이 미치도록 싫어진다
24,나 할머니보다 먼저 가야 할 것 같아
25,엄마랑 아빠는 오늘도 나로 인해서 싸우고
26,진짜 하루하루가 지쳐가네요 항상 싸우시는거
27,보면 다 저 때문에 싸우는거 같아요
31,못생기고 머리도 나쁘고 재능도 없고 노력할 끈기도 없는 저는 D급 인간이예요 범죄자는 아니니까 F를 아슬아슬하게 피한 짐인간
33,모든 사람들이 다 나만 쳐다보는것 같고 사람 조금만 많은 곳에 가도 가슴이 너무 답답하고 울것같은 느낌들고 진짜 너무 밖에 나가기 싫어요 차라리 죽고싶어요
35,대인기피증 현상을 느끼고있습니다
36,그동안 잔소리 안하시고 저한테 말도 별로 안하고
37,그러셨는데 어제 집 잠깐 들린거 하나 가지고
38,잔소리 던지고 욕하셨어요
41,이렇게..힘들거면..그냥..자살할걸..그랬다..모든게..생소했고...이젠..지친다..다포기하고..자살하고싶다..
42,의욕이 없어요 너무 무기력해요 잘해보고 싶었는데 생각했던대로 흘러가질 않아요 항상 그랬어요 저 자신이 너무 한심해요 가끔은 그냥 죽고 싶다는 생각도 들어요
44,언니가 왜 자기 인생에 나타나서 자길 힘들게 하녜요 엄마도 맨날 저때문에 힘들고 저만 없어지면 모든게 다 나아지지않을까요 정말 자살하고싶어요 제가 너무 큰 잘못을 했어요 친구관계도 힘들고 어제는 후회되고 오늘은 힘들고 내일은 걱정되네요 그냥 죽고싶어요 너무 다 미안하고 그냥 저만 없어지면 끝나지 않을까요
45,곧 체육 수행평가가 있는데 제가 정말 장난아니고 1도 못하는 종목이 수행평가인거에요...진짜 뻥아니고 1도 못하는데 다른애들은 너무잘해서 비교가돼요..근데 이것보단 제가 남앞에서는것도 못하고 남들 시선받는걸 진짜 무지 싫어하거든요...너무 두려워서 하루종일 울고 구역질도 나는데 가족은 별거 아니라는데..
46,오늘도 걔 때문에 학교를 가기 싫어서 안 갔어요 눈치보이고 자기 뭐 맘에 안들면 눈치주고 내가 막 잘못 한건 아닌데 뭐라하니깐 내가 잘못한것 같고 내가 그랬나? 그랬구나 라고 막 인정해보려요 기억도 안나는데 내가 그랬다고 하니깐 제가 잘못한것 같고..제가 이상한걸까요 제가 너무 신경쓰는걸까요 그냥 친구 사이에
47,혼나서 그런건 아니고요 한 4살 때부터 꾸준히 느껴왔어요
48,"저희 어머니는 메마른 분이세요. 남편도 그냥 조건보고 결혼했고 자식들도 그렇게 안 좋아해요. 그냥 의무감으로 아내 노릇, 엄마 노릇을 할 뿐이시고요.교회 때문에 자주 싸우는데 요즘 교회에서 시키는게 많아져서 점점 정이 떨어지고 나가기 싫어지는데 엄마는 계속 설득 시키려고 교회 얘기만 해요.. 진짜 듣기 싫은데.. 사실상 이미 마음은 정해진 것 같아요 근데 이걸 엄마한테 말을 못 하겠어요 실망이랑 충격을 받을 것 같아서요.. 어떻게 해야 될까요??ㅠㅠ고민이에요"
49,그분께 악의는 없다는 걸 잘 알지만 참 슬펐어요. 그렇다고 저와의 사이가 나쁜 건 아닌데 사랑이 없을뿐.
50,가족의 죽음은 처음 겪어서 친구들 앞에서 마냥 깔깔 못 웃을 것 같아요. 장례식 갔다오면 더 힘들어질 것 같아요. 제가 어떻게 해야 좋을까요? 친구들한테 말하면 분위기 망칠 것 같고. 솔직히 제가 이 상황에서 뭘 해야할지 모르겠어요. 그냥 도망가고 싶어요.
51,제가 방을 나가려고 하면 방으로 밀치면서 또 아무거나 던지고 소리지르고 저보고 벌레같다고 하고..말이 아예 안통해요. 학원을 아예 다 끊어버린다고 방에서 정신병자처럼 살라고 해요. 엄마의 마음도 모르겠고 이랬던 적이 한두번이 아니여서 걱정되요. 저도 상담을 받고 싶은데 엄마가 못받게 하는데 어떡하나요..
52,"학교에 가서 친구들이랑 놀면, 친구들이 얘기하던 화제를 꼭 자기 얘기로 돌리는 친구가 있어요"
53,그 친구가 너무 보기싫은데 동시에 그 친구를 미워하는 제가 너무 쪼잔해보이고 질투하는것같아 싫어요
54,어떻게 하면 그 친구와 저 동시에 좋아할수 있을까요?
55,친구가 우울증 약을 먹어요
56,처음에는 관종인가? 싶었는데 진짜 병원에 다니는 거였어요
57,저는 우울증에 대한 편견도 있고
58,그 친구가 힘들다고 하는데 위로해주기가 싫어요
59,공감능력이 떨어지는저는 걔가 하는게 다 쇼같고 눈살 찌뿌려져요
60,저번달에도 관종짓하더니 이번에도 그런건가 싶기도해요
61,부모님도 안 계시고 공부도 못하고 못생기고 가난한 제 자신이 싫고 실패한 인생 같아요 남들이 저보다 뛰어난게 있으면 배아프고 열등감들어요 내면이 예쁘고 건강한 사람이 되고 싶은데 쉽지가 않고 미래가 어두운데 차라리 죽고 새인생 살고 싶다는 생각도 들고 세상에 대한 미련이 없어요 ㅠㅠ
62,엄마한테 영문도 모른채로 사과하고 용서도 빌어서 얼추 갈등은 해결됬지만 그래도 너무 어이없어요. 보통 외동들이 부모님한테 흔하게 하는 말인데 제 엄마는 왜 그런지 모르겠어요. 예전에는 별 신경 안쓰다가 어느 순간부터 그말 들으면 엄마가 이성을 잃더라고요. 그냥 너무 황당해요.
63,"제가 엄마한테 외동이라 너무 외롭다고 동생 있었으면 좋겠다 했어요. 그렇게 말한거 뿐인데 엄마가 막 화를 내요, 나쁜년, 배은망덕한년, 넌 나한테 상처를 줬어, 이제 너랑 나의 인연은 끝이야, 나 너랑 앞으로 절연할거야 그랬어요. 오바 아닌가요? 어이없어요, 제가 한 말이 그렇게 화낼 말인가요? 우선 제가 그냥"
64,요즘따라 심하게 우울합니다..
65,뭔가 하려고 해도 의지가 안나고
66,사소한 문제가 생기면 소심한 성격탓에
67,모두 제탓인것같습니다 그리고
68,가정사에 조금일이 있는데 그것때문에도 스트레스받고 힘듭니다
69,자해도 생각해 봤지만 흉터 때문에
70,알아볼것같아 못하겠습니다..
71,울고싶어도 눈물이 안나옵니다
72,정말 어떡하면 좋죠..?
73,"갑자기 확 우울해지고, 공부에 집중해야하는 데 눈물이 나려고 해서 눈물 막는거에 급한데... 힘들고 답답해서 뭘 어떻게 해야할 지 모르겠어여..."
74,"고3 반장입니다.반친구들이 모두 담임선생님 험담을 할때마다 저는 항상 어머니라 생각하라고. 아끼는 마음에 그러시는거라고 항상.아이들과 선생님을 묶어왔습니다. 유난히 많이 혼나는 친구가 혹시 학습지를 못가져왔거나 실수를 할땐 제것을 친구 주고, 제가 선생님께 부탁드렸지요.언제부턴가 반장자격이 없다며 매일"
75,공부 못하면 인생 망하나요? 공부 잘하면 스카이대학가고 스카이대학가면 인생 성공한것처럼 대우받는데
76,"그러지를 못하면 그냥 죽어야 마땅할까요? 공부는 하기싫은데 공부하라고 강요하고, 죽고싶은데 죽을방법을 모르겠고"
77,막막하네요 참
78,어제도 오늘도 대여한 소파에 볼펜 점 자국 생겼
79,다고 이걸로 욕이란 욕 다 먹고 폭력까지 당하고
80,엄마랑 대화도 안되고 뭐든 변명으로만 아는데
81,너무 싫어요 저도 반성 많이 했는데 진짜 왜
82,저한테만 이래요..
83,저는 중학교 2학년입니다. 저는 영어단어를 진짜 못 외워서 항상 부모님께 혼나서 어제는 엄청 맞았어요. 그래서 내 자신이 너무 싫고 짜증나서 죽고싶은데 죽는건 너무 무섭고 그런데 죽질 않으면 내 미래도 막막하고 내 편 하나 없는 우리집에서 살아갈 생각을 하니까 더 힘들어요. 자살 안 할 방법좀 알려주세요..
84,처음에는 제 프로필을 캡쳐하고 이곳이 어디인지 유추하고 누구랑 갔는지 추궁하는 정도였는데 점점심해져서 제가 다른친구들이랑 노는걸 대놓고 반대해요 예를들어 놀때 자꾸 폭탄문자를 보낸다거나오늘 뭐했는지 보고해야하는건 기본이에요
85,심지어 거의 매일 얼굴을 꼭 봐야한대요..그리고 저를 가스라이팅하는거 같아요
86,자꾸 제 말이 늘 틀리대요
87,아 그리고 같이 찍은 사진을 인스타그램에 업로드를 안하면 잔뜩 삐져서는 저에 대해 안좋은 뒷얘기 할거같아서 저는 해달라는대로 다 해줘요
88,또 제 사소한 변화까지도 다 알려줘야하는데 말 안하면 삐져요
89,짓궃은장난도해요... 이건 말하기 부끄러워서 말 못하겠지만 친구라고 보기는 어려운
90,장난이에요...
91,저번에는 새벽까지 그 친구랑 있었다가 엄마한테 혼도 났어요
92,걔는 친구많고 활발한데 저는적잖아요
93,그런데도 제가 새친구사귀는거에 부정적이고 질투때문에 답답하고 스트레스받기도해요
94,또 제가 산거를 똑같이 사거나 제 제스쳐도 따라하기 시작했어요
95,"4살 때부터 엄격한 부모님 밑에서 무조건 눈치보고 양보(희생)했어요. 제 상태와 어떻게 해주시길 바라는지 온갖 방법으로 많은 부분에 대해 말씀드렸지만 엄마는 자신의 의도를 설명하며 제가 엄마를 받아주길원하고 달라지지않는 언행에 전 우울증,화병이에요 아빠는일하느라 힘들다고게임만, 소리지르고물건던진게2번요"
96,제 취향없이 친구들이나 남들따라 취향이정해지는게 너무 싫어요
97,점점 비판적인 태도를 잃어가고 사회적시선이나 여론에따라 사는제가 기회주의자같기도 하고 이런 저의 모습이 너무 마음에 들지 않습니다
98,연예인도 갑자기 친구에게 맞춰서 좋아하거나 제 즐거움을 포기하면서까지 친구에게 맞춰주게됩니다
99,"공황장애,불안장애로 새벽에 잠도 못자고 숨이 안쉬어지거나 미칠거같은 공포감때문에 학교생활이 두렵고 가시방석에 올라가있는 기분입니다."
100,사람들을 봐도 편하지가 않고 제가 발작할거같을때 자꾸 피하게되네요
101,살고싶은데 몸은 죽음쪽으로 다가가는거같아서 힘들어요
102,어릴때 한 8살부터 엄마에게 맞고나면 자ㅅ생각했고요
103,자ㅎ도 비슷한 나이에 시작했네요.. 성인인 지금도 그러는데 이거 병원가야 하나요?
104,예전에는 충동이 아니라 그냥 내가 죽으면 엄마가 슬퍼해줄까 정도의 생각이었는데 요새는 화나면 콱 죽어버리거나 집에 불지르고 싶고 자ㅎ해야만 겨우 자ㅅ충동을 참을 수 있어요
105,진짜순수하게 관심 받고 싶어서 자해하는데ㅋ근데 문제는 아무한테도 안 들키려고 무척 애써서 ㅋ 지금까지 자해한걸 한번도 들킨적이 없어요 부모님 앞에서는 필사적으로 가리고 친구들 앞에서는 뭐 걸치거나 손목 가리거나 허벅지에다가하거나 관심좀 받고 싶은데 그럼 들켜야 하는데 ㅋ그냥 저 스스로 벌주고 싶은걸까요
106,비참해요 인상이 비참해요 고작 돈이 뭐sjan라고 제 인생을 좌우하는지 모르겠어요 죽고 싶어요
108,저 자신이 너무 싫게 느껴집니다
109,요즘 들어 우울감도 커지고 살아있는 것이
110,의미가 없다고 느껴져요
111,"자살, 자해 충동 같은 것은 아니지만"
112,그냥 사라지고 싶다는 생각이 자꾸만 듭니다
113,그런 생각을 없애려 다른 것들도 시도해봤지만 부정적인 생각은 사라지질 않습니다
114,너무 우울해요
115,저는 초등학교 고학년입니다. 저는 원래 인싸였어요. 그런데 친구들이 많이 이사갔어요. 새로운 친구는 코로나 때문에 학교 못가니까 새로 못 사귀고 그렇게 악순환이 반복되면서 친구가 많이 없어졌어요. 요즘 너무 답답하고 재미없어요. 갑자기 아싸가 되버린것 같아요. 너무 속상해요.
116,전 어릴때 많이 맞고자랐어요
117,평소엔 회초리 심하면 따귀 귀 잡고 질질끌기 물건던지기 밀쳐서 눕히고 밟히기까지
118,어릴때는 이렇게 맞는건 내가 잘못해서 그런거라고 생각했어요
119,근데 얼마전에 엄마랑 옛날 얘기하니까 엄마가 한말
120,넌 참 순한아이였지
121,저는 무엇때문에 맞았어야 했던걸까요 순하면 말로 가르치면 될텐데
122,나도 죽고싶은 이유가 있었으면 좋겠다 내가 죽고싶다 하면 모두들 나에게 왜 죽고싶은건지 물어보고 내가 그냥 이라고 답하면 그럴리가 없다고 학업이나 친구문제 등 무조건 어떤 고민때문일거라고 한다 하지만 난 아무리 생각해봐도 구체적인 이유가 떠오르지 않는다 그냥 우울하니까 외로우니까 죽고싶은거다
123,이제 중1인 남자인데요.. 제가 다크서클도 많고 얼굴도 엄청 길고 엄청 마른편이기까지해서 못생겼어요.. 코도 눌려있고 근데 요즘 친구들이 외모얘기할때마다 힘이 너무 빠져요 제 엽사보면 이 얼굴로 어떻게 살아가야하나싶고 다른친구 엽사는 다 잘생겼던데 자괴감들어요
124,고1인 저는 우울증 때문에 정신과에 다니면서 우울증 약을 먹고 있습니다.약을 먹어서 전보다 무기력한 것도 극단적인 생각도 많이 줄었지만 지금 누가 조금이라도 속상하게 하면 죽고싶다 어떻게 죽을까 상상하게 되고 시도하고 싶다는 생각이 강하게 듭니다 곧 다가올 개학도 친구들과 만나는것도 너무 힘들고 두렵습니다
125,엄마는 머리카락 하나 가지고 오늘 아침에
126,일찍 나가라고 하면서 아침부터 뭐라 하고
127,맨날 이런식으로 잔소리 하는거 지겹고
128,지쳐요 어제도 혼나고 맨날 혼나는 일만
129,생기고 사람 조현병으로 몰아가요
130,저는 공허해요 
131,믿을 사람 없이 저 혼자 있는 것 같아요
132,주변에 사람은 많지만 혼자 남겨진 것 같고
133,아무도 모르는 곳에서 혼자 죽고 싶다고 생각해요
133,요즘 점점 무기력해지고 갑자기 눈물이 나기도 합니다. 
134,이제 아버지만 봐도 숨이 막히고 죽을 거 같아요."
135,나만 힘든거 아닌거 아는데 참고 사는게 왜이렇게 힘든걸까요
136,다들 제가 복받았다고 하지만 저는 왜 우울할까요
137,저에 대해 모르면서 편해보인다 하는 얘기들이 듣기 싫어요
141,요즘 sns하며 사이버 불링당하는 일이
142,잦아져 힘들고 리플리증후군이니
143,정신병자라는 소리도 듣고 우울한
144,생각을하면 손이 떨려 컵도못잡고 숨도 못쉬어요
145,몸에 멍을 만들게되고 사이버상에선
148,진짜 너무 살기가 싫어요
149,밤에 맨날 울고 정말 제 자신이 싫고 이 세상에서 사라졌으면 좋겠어요
155,중3 여자입니다. 제목과 같이 사소한것에 지나치게 스트레스를 받아서 고민이에요.
156,"정말 중학교 올라와서 지금까지 스트레스,고민없이 살아본적이 없어요."
157,"커다란 고민이 생겼다고 가정해도, 큰 스트레스가 해결되면 다시 사소한것에 스트레스를 받아요."
158,"요즘 받는 사소한 스트레스는,"
159,"저희 학원에 저랑 같은 고등학교를 희망하는 친구들이 몇몇있어서 그 친구들과 친해지고 싶은데,"
160,그 친구들은 저랑 학원에서 같이다니는 친구랑만 친해지고 싶어하는것 같아서 그거에만 하루종일 걱정하고...
161,이야기를 하다가 친구들 반응이 시원치않으면 내가 무슨 정떨어지게 말했나? 아니면 내가 못생겨서 친구하기싫은건가? 이러면서 깊게 고민해요.
162,제 고민들이 다 사소한것이라는건 알고있어요. 알고있는데 자꾸 신경쓰고 고민하다가 엄청 스트레스 받게되요.
163,하루종일 고민하게 되니깐 
164,이런 사소한것들에 지나치게 스트레스 너무 힘듭니다.
166,너무 힘들고 우울해서 갑자기 눈물이 쏟아질 때가 있는데
167,학교에서 시키는 과제를 제대로 하지도 않고 끊임없이 놀구요
168,그래서 교수님한테 혼도 나고 그거 때문에 힘들어 하는 제가 너무 병신 같습니다
169,하라고 한 걸 제대로 하지 않아놓고 혼이 났다고 힘들어하는 건 무슨 적반하장 심보인지 모르겠고요
170,지금도 과제가 산더미인데 하나도 하지 않고 놀고 있고 그런 제가 너무 병신 같고 또 갑자기 너무 힘들고 우울하고 눈물 한바탕 쏟고 왔구요
171,그냥 제가 너무 병신 같고 우울한 척 하는 거 같아서 짜증나고 세상 살기가 싫네요
172,어차피 저없어도 세상은 잘만 돌아가고 제가 어디 쓸모있는 인간도 아니고 왜 사는지도 모르겠고 제대로 하는 것도 없고 오히려 피해를 주면 더줬지 도움을 준 적도 없고 인성도 더럽고 암튼 제가 너무 짜증나고 그냥 다 짜증나고 제가 우울한 척하는 거 같아서 짜증납니다
173,이 글 보고 어쩌라고 그걸 왜 여기서 말하냐고 할 수도 있는데 모르겠습니다
174,공책이나 핸드폰 메모장에 혼자 적어놔도 되겠지만 그냥 누군가에게 제가 이렇다고 말하고 싶었어요
175,그냥 그렇구나 하고 지나가셔도 됩니다
176,제가 무슨 마음인진 모르겠는데 그냥 제가 쓴 글을 한 줄만 읽더라도 누가 봐줬으면 좋겠더라고요
177,그냥.. 모르겠습니다 그냥 의식의 흐름대로 적고 있어요
179,한명은 초딩때부터 같이다녔고 나머지 둘은 같은반이라 친해졌는데 내년에 다른반이 되면 연락을 잘 안할거같아요
180,친해지면 활발하지만 소심하고 낮가려서 친구사귀기도 힘들어요
181,페북보면 다른애들은 연락도 많이하고 전화도 하고 여러명씩 놀러다니는데
182,저는 그럴만한 친구가 없어서 고민이에요
183,그렇다고 친구가없는건 아니에요 연락도 가끔하고 만나면 인사하는 친구들은 있어요
184,나만 친구관계에 뒤쳐지는거같고 다른애들이 부러워서
185,밤마다 우울하고 생각이 많아져요 가끔 혼자 울때도있어요
186,약속이없어서 주말에 집에있을때는 하루종일 우울한 기분이들어서 잠만 자는거같아요
187,제가 참 바보같고 왜이렇게 살았나 싶어요
196,그냥 일어나서 공부하고 먹고 쉬고 씻고 자고를 반복하니깐 내가 기계같아
197,가만히 있다가도 울음이 터져나와
198,의지할 만한 친구도 없어
199,매일 쫓기듯 공부하고 집에 돌아오면 열시야
200,그래도 성적은 안 오르고
201,초등학생이라 나도 놀고 싶고 게임도 하고 싶은데
202,하루종일 누워서 자고싶은데
203,스트레스 풀 시간도 없어.
204,조용한 편이라 먼저 말 걸어주는 친구도 없어
205,한마디만.. 제발 너무 힘들고 우울해
206,이렇게 사는게 맞는걸까
207,이젠 위로를 받아봐도 고맙기만 하지. 달라지는게 없고 점점 자신감만 떨어지더라고
208,난 나름 열심히 사는 것 같은데
209,나아지는것 같지가 않아
212,또 요즘에는 잠을 적게 자는 것도 아닌데 쉽게 피로감을 느껴요 새벽 2~3시엔 꼭 한 번씩 깨구요..
213,그렇다고 또 하루종일 우울한 것도 아니에요 중간 중간에 행복하고 막 신나서 주체를 못할 때도 있구...
216,학생인데 제 미래에 대한 확신도 없고
217,제가 커서 뭐가될지도 모르겠고요
218,그렇다고 공부를 열심히 하는것도 아니고
219,인터넷에서만 제가 존재하는 것 같아요
220,잠도 아예 안자고 잔다고해도 낮에 자서 밤낮도 바꼈구요
221,제가 어른이 되는게 무서운데 그냥 스무살 되기 전에 죽으면 해결될까 싶기도 하네요
222,근데 죽는것도 무서워서 싫고
223,하루종일 누워서 폰만하다가 하루가 끝나요
224,가정사로 어머니랑만 살고 있는데요
225,엄마도 제가 하루종일 누워만있는거 아셔서
226,청소년 상담센터같은거 찾아보셨는데 예약이 다 꽉차있다고 하시네요
227,솔직히 상담 받고싶긴한데 귀찮은 마음이 더 커서 안될것같고요
228,잠깐이라도 이 무기력에서 탈출하는 방법 있나요?
230,평소에 연락하는 친구 하나 없으며 가족들과도 거리감을 두며 살아가고 있습니다.
231,미래를 비관적으로 보고 있기에
232,어떻게 죽어야 하나 하는 생각을 하루종일 하기도 합니다. 
232,"이런 마음이 들지 않았으면 해서, 저도 남들처럼 평범하게 살 수 있길 바래서 도움을 받고 싶습니다."
234,가족들에게는 알리지 않고 혼자 해결하고 싶은데 병원을 가서 상담을 받는다면 비용이 얼마정도 들까요? 
235,제가 정상인건지 아닌건지 모르겟어요
236,정말 너무 너무 죽고싶고
237,아니 죽으려고 까지 마음을 먹다가도
238,하루가 지나가고 지나가고
239,또 그러다 살고
240,편안히 죽는법도 검색해보고 이것저것 찾아보고
241,번개탄도 사놓고 술도 사고 수면제도 잇고
242,준비도 하고 유서도 쓰고 이러다가 또 하루가 가면 살고 잇어요
243,진짜 제가 죽는게 나을까 사는게 나을까 이런생각도 해보고
244,이정도로 시간이 지낫는데 안죽고 사는건지
245,매일 매일 시도때도 없이 눈물은 나고 죽고 싶다는 생각을
246,하루에 수십번씩 하고
247,근데 왜 오늘 내가 안죽는지 내일이 오는지
248,또 살아잇네 이생각
249,정말 그냥 내가 미쳐버린걸까요 ?
250,원래 죽고싶다가고 살고 또 죽고싶고 이렇게 반복되는게 정상인가요 ? 저는 정말 죽을수 있을까요 ?
251,진짜 내가 죽으면 남은 사람들은 ? 내가 벌려놓은건 ?
252,이렇게 고민하다 하루가 가고 가고 미치겟어요
253,정말 정말 죽고싶은데
254,죽기전에 남아잇는 사람 다른 사람들까지 생각을 해줘야만 맞는건가요 ?
255,16살이에요. 미술 입시를 하는 중이고요.
256,한 달 남았네요. 14살 여름방학 때부터 취미로 시작하다가
257,15살 가을 쯤 입시가 하고 싶어 입시 학원으로 왔어요
258,"제가 진짜 입시생이 될 줄 몰랐고, 입실 한 달 남길줄 몰랐는데"
259,벌써 그렇게 됐네요.
260,한 달 전부터 정신과 상담과 약물치료를 받고 있는데
261,"항불안제, 항우울제, 수면 유도제 먹으면서 상담 받고 있어요"
262,자해도 하고 있어요. 살아 있다는 기분보다는
263,"그냥 아플 때, 피가 날 때, 상처가 아무는 과정을 보는게"
264,재밌다고 해야하나. 아프진 않아요. 그냥 피가 날 정도로만
265,조금...조금 하니까.친구 관계 때문에 많이 힘들어요..
266,친했던 친구들 한데 은따 당하고 사이가 멀어졌는데 이제 어떡게 해야 하나
267,부모님 한데 말하면 걱정 하실 까봐 미안해서 말 못하겠어요
268,친구들 마저 저를 버려서 의지할 사람이 없어요.
268,살 가치도 없는거 같고 자존감도 많이 떨어지고 무기력 해지고.
269,잠도 안와서 자고 싶은데 못자고요.. 
270,죽고 싶을정도로 너무 힘들어요..
267,사실 집 밖을 나가고 싶지 않은데
268,학원 때문에 억지로 나가요. 아마 입시가 끝나면
269,나가지 않을거 같아요. 지긋지긋한 학원보다는
270,우울한 하루가 싫어요.
271,그렇다고 항상 우울하지만은 않아요.
272,"행복한 날도, 순간도 있어요."
273,"가족들이, 친구들이 슬퍼할까봐 죽기 무서워요"
274,"이제는 자해하는 칼도, 목에 두르고 조르는 허리띠도"
275,"높은 옥상도 아프지도, 무섭지도 않은데 그거 하나 무서워요"
276,"내가 사랑하는 사람들에게서 잊혀지는 것,"
277,더 이상 보지 못하는 것. 그거 때문에 못 죽겠어요
278,웃긴건 저도 미래를 생각한다는 거예요
279,대학에 가고 싶고 유학도 가고 싶은데
280,내일 죽고 싶어요.
281,모르겠네요. 저도 모르겠어요.
282,저를 힘들게 한 앤 제가 가해자래요.
283,서로가 서로한테 가해자인가 봐요.
284,그 애가 힘들다는 얘길 들었을 때 죄책감이 생겼으면서도
285,좋았어요. 너도 힘들어서 다행이다 이런 기분.
286,이제 잘 지낸다는 말을 들었을 땐 화가 났어요.
287,"제가 이기적이어서, 그래서 그런거겠죠."
288,제가 너무 나쁜거 같아요.
289,입시는 망했어요. 진짜로 망한거 아는데
290,마지막으로 열심히 해보자는 마음으로 하는 중이에여
291,하고 싶은 말이 많은데 지금은 이 정도만 생각나네요.
292,그냥 아예 아무도 제가 존재 했다는걸 모른다면
293,죽기 편할텐데
294,불안한 생각이 들어서 우울해져요
295,너무 스트레스 받아요
296,불안한 일
297,최악의 상황
298,스트레스 받으니까 잊고 싶은데
295,피해자인 저는 
296,너무 화나고 슬프고 서운하고 모든 감정이 다 뒤죽박죽이 돼요
297,이러려고 내가 사나
299,진짜 너무 속상해요 혹시 가해자
300,제발 저 좀 도와주세요
